<powerpagecomponent powerpagecomponentid="c2471725-8f82-f011-b4cb-000d3a5d7f37">
  <content>{"botschemaname":"cr8af_98280195-82a4-4988-9e02-122cd07adffd","configjson":"{\"skillConfigViewName\":\"Event Registration bot Answers\"}"}</content>
  <iscustomizable>1</iscustomizable>
  <name>Bot Consumer</name>
  <powerpagecomponenttype>27</powerpagecomponenttype>
  <powerpagesiteid>
    <powerpagesiteid>1a281f96-3fdc-40b7-b501-312c077ebe9a</powerpagesiteid>
  </powerpagesiteid>
  <statecode>0</statecode>
  <statuscode>1</statuscode>
</powerpagecomponent>