<powerpagecomponent powerpagecomponentid="735a93e7-dbc4-42cb-82ce-913f099d4757">
  <content>{"createdOn":"2025-08-26T15:05:34.711Z","parentpageid":"38731b41-5056-4a76-9e54-6151c69e303d","publishingstateid":"8850ef08-d815-4035-9e87-e9f6066fae9b","partialurl":"sport-event-logo.png","title":"","summary":"","enabletracking":false,"excludefromsearch":false,"hiddenfromsitemap":false}</content>
  <filecontent mimetype="image/png">sport-event-logo.png</filecontent>
  <iscustomizable>1</iscustomizable>
  <name>sport-event-logo.png</name>
  <powerpagecomponenttype>3</powerpagecomponenttype>
  <powerpagesiteid>
    <powerpagesiteid>1a281f96-3fdc-40b7-b501-312c077ebe9a</powerpagesiteid>
  </powerpagesiteid>
  <statecode>0</statecode>
  <statuscode>1</statuscode>
</powerpagecomponent>