<powerpagecomponent powerpagecomponentid="b7ed1c3e-7c35-4155-bd6d-5c9018d722ea">
  <content>{
  "filecontent": null,
  "copy": "&lt;div data-component-theme=\"portalThemeColor7\" class=\"row sectionBlockLayout text-start\" style=\"display: flex; flex-wrap: wrap; margin: 0px; min-height: auto; padding: 8px;\"&gt;\n  &lt;div class=\"container\" style=\"padding: 0px; display: flex; flex-wrap: wrap;\"&gt;\n    &lt;div class=\"col-lg-12 columnBlockLayout\" style=\"flex-grow: 1; display: flex; flex-direction: column; min-width: 300px;\"&gt;\n      &lt;h1 style=\"text-align: left; background-color: rgba(50, 49, 48, 0);\"&gt;🌟Welcome to the Event Registration!&lt;/h1&gt;\n      &lt;div data-component-theme=\"\" class=\"row sectionBlockLayout\" style=\"display: flex; flex-wrap: wrap; padding: 8px; margin: 0px; min-height: 15px;\"&gt;&lt;/div&gt;\n      &lt;p&gt;Discover and register for exciting events, workshops, and conferences — all in one place. &lt;br /&gt;&lt;br /&gt;✅ Explore Events – Browse upcoming events tailored for learning, networking, and professional growth. &lt;br /&gt;✅ Register Easily – Secure your spot in just a few clicks. &lt;br /&gt;✅ Stay Updated – Get email confirmations and reminders about your registered events.&lt;/p&gt;\n      &lt;a href=\"/Events\" class=\"btn button1\" style=\"border: 0px solid #2E456B; width: 180px; box-shadow: 0px 0px 0px #2E456B; background-color: rgba(254, 160, 2, 1);\"&gt;Available Events&lt;/a&gt;\n    &lt;/div&gt;\n  &lt;/div&gt;\n&lt;/div&gt;\n&lt;div data-component-theme=\"portalThemeColor1\" class=\"row sectionBlockLayout text-start\" style=\"display: flex; flex-wrap: wrap; margin: 0px; min-height: auto; padding: 8px;\"&gt;\n  &lt;div class=\"container\" style=\"padding: 0px; display: flex; flex-wrap: wrap;\"&gt;\n    &lt;div class=\"col-lg-6 columnBlockLayout\" style=\"flex-grow: 1; display: flex; flex-direction: column; min-width: 250px;\"&gt;\n      &lt;h1 style=\"text-align: center;\"&gt;​​&lt;b style=\"text-align: center;\"&gt;🎯 How It Works&lt;/b&gt;&lt;/h1&gt;\n      &lt;div class=\"row sectionBlockLayout\" style=\"display: flex; flex-wrap: wrap; padding: 8px; margin: 0px; min-height: 15px;\"&gt;&lt;/div&gt;\n      &lt;p style=\"gap: 6px; background-color: rgba(0, 0, 0, 0); text-align: center;\"&gt;​​&lt;b style=\"text-align: center;\"&gt;Browse Events – &lt;/b&gt;Check out our &lt;br /&gt;list of upcoming sessions. &lt;br /&gt;&lt;br /&gt;&lt;b style=\"text-align: center;\"&gt;Sign In &amp;amp; Register – &lt;/b&gt;Log in to your &lt;br /&gt;account and complete a quick &lt;br /&gt;registration form. &lt;br /&gt;&lt;br /&gt;&lt;b style=\"text-align: center;\"&gt;Join &amp;amp; Learn – &lt;/b&gt;Attend the event, &lt;br /&gt;gain insights, and grow your network.&lt;br /&gt;&lt;br /&gt;&lt;/p&gt;\n    &lt;/div&gt;\n    &lt;div class=\"col-lg-6 columnBlockLayout\" style=\"flex-grow: 1; display: flex; flex-direction: column; min-width: 250px;\"&gt;\n      &lt;h1 style=\"text-align: center;\"&gt;​&lt;b aria-label=\"Text 🔥 Featured Events Press enter to edit\" style=\"position: relative; text-align: center;\"&gt;🔥 Featured Events&lt;/b&gt;&lt;/h1&gt;\n      &lt;div class=\"row sectionBlockLayout\" style=\"display: flex; flex-wrap: wrap; padding: 8px; margin: 0px; min-height: 15px;\"&gt;&lt;/div&gt;\n      &lt;p style=\"gap: 6px; background-color: rgba(0, 0, 0, 0); text-align: center;\"&gt;​&lt;b aria-label=\"Text Power Platform Bootcamp – Press enter to edit\" style=\"position: relative; text-align: center;\"&gt;Power Platform Bootcamp –&lt;/b&gt; Hands-on &lt;br /&gt;training on low-code development.&lt;br /&gt;&lt;br /&gt;&lt;b aria-label=\"Text Beazley Innovation Summit – Press enter to edit\" style=\"position: relative; text-align: center;\"&gt;Beazley Innovation Summit – &lt;/b&gt;Explore the &lt;br /&gt;future of digital insurance.&lt;br /&gt;&lt;br /&gt;&lt;b style=\"text-align: center;\"&gt;Cybersecurity Awareness Day – &lt;/b&gt;Stay &lt;br /&gt;ahead in protecting your digital world&lt;/p&gt;\n    &lt;/div&gt;\n  &lt;/div&gt;\n&lt;/div&gt;\n&lt;div data-component-theme=\"portalThemeColor1\" class=\"row sectionBlockLayout text-start\" style=\"display: flex; flex-wrap: wrap; margin: 0px; min-height: auto; padding: 8px; background-image: linear-gradient(0deg, rgba(200, 198, 196, 0), rgba(200, 198, 196, 0)); border: 20px solid rgb(46, 69, 107);\"&gt;\n  &lt;div class=\"container\" style=\"padding: 0px; display: flex; flex-wrap: wrap;\"&gt;\n    &lt;div class=\"col-lg-12 columnBlockLayout\" style=\"flex-grow: 1; display: flex; flex-direction: column; min-width: 250px;\"&gt;&lt;h3 style=\"text-align: center;\"&gt;📌 Don’t miss your chance to connect, learn, and grow. Start exploring events today!&lt;/h3&gt;&lt;/div&gt;\n  &lt;/div&gt;\n&lt;/div&gt;\n",
  "displayorder": 1,
  "enablerating": false,
  "enabletracking": false,
  "excludefromsearch": false,
  "feedbackpolicy": 756150005,
  "hiddenfromsitemap": false,
  "isroot": false,
  "pagetemplateid": "3b35809f-9f1c-4dd6-9c5d-c062322774d3",
  "partialurl": "/",
  "publishingstateid": "8850ef08-d815-4035-9e87-e9f6066fae9b",
  "rootwebpageid": "38731b41-5056-4a76-9e54-6151c69e303d",
  "sharedpageconfiguration": false,
  "summary": "&lt;p&gt;This is a sample landing page for you to start creating your website.&lt;/p&gt;",
  "title": "Home",
  "parentpageid": null
}</content>
  <iscustomizable>1</iscustomizable>
  <name>Home</name>
  <powerpagecomponenttype>2</powerpagecomponenttype>
  <powerpagesiteid>
    <powerpagesiteid>1a281f96-3fdc-40b7-b501-312c077ebe9a</powerpagesiteid>
  </powerpagesiteid>
  <powerpagesitelanguageid>
    <powerpagesitelanguageid>f421d02b-e187-4f57-b213-dcbaa9056c6d</powerpagesitelanguageid>
  </powerpagesitelanguageid>
  <searchcontent>Home&lt;div data-component-theme="portalThemeColor7" class="row sectionBlockLayout text-start" style="display: flex; flex-wrap: wrap; margin: 0px; min-height: auto; padding: 8px;"&gt;
  &lt;div class="container" style="padding: 0px; display: flex; flex-wrap: wrap;"&gt;
    &lt;div class="col-lg-12 columnBlockLayout" style="flex-grow: 1; display: flex; flex-direction: column; min-width: 300px;"&gt;
      &lt;h1 style="text-align: left; background-color: rgba(50, 49, 48, 0);"&gt;🌟Welcome to the Event Registration!&lt;/h1&gt;
      &lt;div data-component-theme="" class="row sectionBlockLayout" style="display: flex; flex-wrap: wrap; padding: 8px; margin: 0px; min-height: 15px;"&gt;&lt;/div&gt;
      &lt;p&gt;Discover and register for exciting events, workshops, and conferences — all in one place. &lt;br /&gt;&lt;br /&gt;✅ Explore Events – Browse upcoming events tailored for learning, networking, and professional growth. &lt;br /&gt;✅ Register Easily – Secure your spot in just a few clicks. &lt;br /&gt;✅ Stay Updated – Get email confirmations and reminders about your registered events.&lt;/p&gt;
      &lt;a href="/Events" class="btn button1" style="border: 0px solid #2E456B; width: 180px; box-shadow: 0px 0px 0px #2E456B; background-color: rgba(254, 160, 2, 1);"&gt;Available Events&lt;/a&gt;
    &lt;/div&gt;
  &lt;/div&gt;
&lt;/div&gt;
&lt;div data-component-theme="portalThemeColor1" class="row sectionBlockLayout text-start" style="display: flex; flex-wrap: wrap; margin: 0px; min-height: auto; padding: 8px;"&gt;
  &lt;div class="container" style="padding: 0px; display: flex; flex-wrap: wrap;"&gt;
    &lt;div class="col-lg-6 columnBlockLayout" style="flex-grow: 1; display: flex; flex-direction: column; min-width: 250px;"&gt;
      &lt;h1 style="text-align: center;"&gt;​​&lt;b style="text-align: center;"&gt;🎯 How It Works&lt;/b&gt;&lt;/h1&gt;
      &lt;div class="row sectionBlockLayout" style="display: flex; flex-wrap: wrap; padding: 8px; margin: 0px; min-height: 15px;"&gt;&lt;/div&gt;
      &lt;p style="gap: 6px; background-color: rgba(0, 0, 0, 0); text-align: center;"&gt;​​&lt;b style="text-align: center;"&gt;Browse Events – &lt;/b&gt;Check out our &lt;br /&gt;list of upcoming sessions. &lt;br /&gt;&lt;br /&gt;&lt;b style="text-align: center;"&gt;Sign In &amp;amp; Register – &lt;/b&gt;Log in to your &lt;br /&gt;account and complete a quick &lt;br /&gt;registration form. &lt;br /&gt;&lt;br /&gt;&lt;b style="text-align: center;"&gt;Join &amp;amp; Learn – &lt;/b&gt;Attend the event, &lt;br /&gt;gain insights, and grow your network.&lt;br /&gt;&lt;br /&gt;&lt;/p&gt;
    &lt;/div&gt;
    &lt;div class="col-lg-6 columnBlockLayout" style="flex-grow: 1; display: flex; flex-direction: column; min-width: 250px;"&gt;
      &lt;h1 style="text-align: center;"&gt;​&lt;b aria-label="Text 🔥 Featured Events Press enter to edit" style="position: relative; text-align: center;"&gt;🔥 Featured Events&lt;/b&gt;&lt;/h1&gt;
      &lt;div class="row sectionBlockLayout" style="display: flex; flex-wrap: wrap; padding: 8px; margin: 0px; min-height: 15px;"&gt;&lt;/div&gt;
      &lt;p style="gap: 6px; background-color: rgba(0, 0, 0, 0); text-align: center;"&gt;​&lt;b aria-label="Text Power Platform Bootcamp – Press enter to edit" style="position: relative; text-align: center;"&gt;Power Platform Bootcamp –&lt;/b&gt; Hands-on &lt;br /&gt;training on low-code development.&lt;br /&gt;&lt;br /&gt;&lt;b aria-label="Text Beazley Innovation Summit – Press enter to edit" style="position: relative; text-align: center;"&gt;Beazley Innovation Summit – &lt;/b&gt;Explore the &lt;br /&gt;future of digital insurance.&lt;br /&gt;&lt;br /&gt;&lt;b style="text-align: center;"&gt;Cybersecurity Awareness Day – &lt;/b&gt;Stay &lt;br /&gt;ahead in protecting your digital world&lt;/p&gt;
    &lt;/div&gt;
  &lt;/div&gt;
&lt;/div&gt;
&lt;div data-component-theme="portalThemeColor1" class="row sectionBlockLayout text-start" style="display: flex; flex-wrap: wrap; margin: 0px; min-height: auto; padding: 8px; background-image: linear-gradient(0deg, rgba(200, 198, 196, 0), rgba(200, 198, 196, 0)); border: 20px solid rgb(46, 69, 107);"&gt;
  &lt;div class="container" style="padding: 0px; display: flex; flex-wrap: wrap;"&gt;
    &lt;div class="col-lg-12 columnBlockLayout" style="flex-grow: 1; display: flex; flex-direction: column; min-width: 250px;"&gt;&lt;h3 style="text-align: center;"&gt;📌 Don’t miss your chance to connect, learn, and grow. Start exploring events today!&lt;/h3&gt;&lt;/div&gt;
  &lt;/div&gt;
&lt;/div&gt;
Home</searchcontent>
  <statecode>0</statecode>
  <statuscode>1</statuscode>
</powerpagecomponent>