<powerpagecomponent powerpagecomponentid="72a7d5dc-65c8-4007-8682-ba3c6bdbecb0">
  <content>{
  "filecontent": null,
  "entityname": "Events - CRUD",
  "entitylogicalname": "er_event",
  "scope": 756150000,
  "append": true,
  "appendto": true,
  "delete": false,
  "read": true,
  "create": true,
  "write": true,
  "parentrelationship": null,
  "parententitypermission": null,
  "contactrelationship": null,
  "accountrelationship": null,
  "childTablePermissions": [],
  "adx_entitypermission_webrole": [
    "fe0e3d83-c220-416a-a1e2-45ab782b91db",
    "60f67e8d-52d5-4f95-952b-1310b815b95f",
    "c2664e06-d1fc-41c3-b0e8-3759e1a68f3e"
  ]
}</content>
  <iscustomizable>1</iscustomizable>
  <name>Events - CRUD</name>
  <powerpagecomponenttype>18</powerpagecomponenttype>
  <powerpagesiteid>
    <powerpagesiteid>1a281f96-3fdc-40b7-b501-312c077ebe9a</powerpagesiteid>
  </powerpagesiteid>
  <statecode>0</statecode>
  <statuscode>1</statuscode>
</powerpagecomponent>