<powerpagecomponent powerpagecomponentid="2fb425a3-a68f-40bf-9ab4-d77c4a600e86">
  <content>{"source":"&lt;!-- Default studio template. Please do not modify --&gt;\r\n&lt;div id=\"mainContent\" class=\"wrapper-body\" role=\"main\"&gt;\r\n    &lt;div class=\"page-copy\"&gt;\r\n      {% editable page 'adx_copy' type: 'html', liquid: true %}\r\n    &lt;/div&gt;\r\n&lt;/div&gt;"}</content>
  <iscustomizable>1</iscustomizable>
  <name>Default studio template</name>
  <powerpagecomponenttype>8</powerpagecomponenttype>
  <powerpagesiteid>
    <powerpagesiteid>1a281f96-3fdc-40b7-b501-312c077ebe9a</powerpagesiteid>
  </powerpagesiteid>
  <statecode>0</statecode>
  <statuscode>1</statuscode>
</powerpagecomponent>