<powerpagecomponent powerpagecomponentid="02f28784-35ac-48e6-a1df-7f8477cab8ea">
  <content>{"display_name":"Footer","type":756150001,"value":"&lt;p&gt;Copyright © {{ now | date: 'yyyy' }}. All rights reserved.&lt;/p&gt;"}</content>
  <iscustomizable>1</iscustomizable>
  <name>Footer</name>
  <powerpagecomponenttype>7</powerpagecomponenttype>
  <powerpagesiteid>
    <powerpagesiteid>1a281f96-3fdc-40b7-b501-312c077ebe9a</powerpagesiteid>
  </powerpagesiteid>
  <powerpagesitelanguageid>
    <powerpagesitelanguageid>f421d02b-e187-4f57-b213-dcbaa9056c6d</powerpagesitelanguageid>
  </powerpagesitelanguageid>
  <statecode>0</statecode>
  <statuscode>1</statuscode>
</powerpagecomponent>