<powerpagecomponent powerpagecomponentid="7fed6486-2e4f-4347-9774-85ace1f1f68d">
  <content>{"enablerating":false,"enabletracking":false,"excludefromsearch":true,"hiddenfromsitemap":true,"isroot":true,"pagetemplateid":"3b35809f-9f1c-4dd6-9c5d-c062322774d3","parentpageid":"38731b41-5056-4a76-9e54-6151c69e303d","partialurl":"access-denied","publishingstateid":"8850ef08-d815-4035-9e87-e9f6066fae9b","sharedpageconfiguration":false}</content>
  <iscustomizable>1</iscustomizable>
  <name>Access Denied</name>
  <powerpagecomponenttype>2</powerpagecomponenttype>
  <powerpagesiteid>
    <powerpagesiteid>1a281f96-3fdc-40b7-b501-312c077ebe9a</powerpagesiteid>
  </powerpagesiteid>
  <searchcontent>Access Denied</searchcontent>
  <statecode>0</statecode>
  <statuscode>1</statuscode>
</powerpagecomponent>