<powerpagecomponent powerpagecomponentid="118bc803-a576-497a-bff2-a46e1457dd14">
  <content>{
  "displayorder": 6,
  "pagetemplateid": "3b35809f-9f1c-4dd6-9c5d-c062322774d3",
  "parentpageid": "38731b41-5056-4a76-9e54-6151c69e303d",
  "partialurl": "Edit-Registration",
  "isroot": true,
  "title": "Edit Rregistration",
  "summary": "&lt;p&gt;This is a sample landing page designed to be a starting point for your website&lt;/p&gt;",
  "publishingstateid": "8850ef08-d815-4035-9e87-e9f6066fae9b",
  "enablerating": false,
  "enabletracking": false,
  "excludefromsearch": false,
  "hiddenfromsitemap": true,
  "sharedpageconfiguration": false,
  "feedbackpolicy": 756150000
}</content>
  <iscustomizable>1</iscustomizable>
  <name>Edit Registration</name>
  <powerpagecomponenttype>2</powerpagecomponenttype>
  <powerpagesiteid>
    <powerpagesiteid>1a281f96-3fdc-40b7-b501-312c077ebe9a</powerpagesiteid>
  </powerpagesiteid>
  <searchcontent>Edit RregistrationEdit Registration</searchcontent>
  <statecode>0</statecode>
  <statuscode>1</statuscode>
</powerpagecomponent>