<powerpagecomponent powerpagecomponentid="7c9f9070-9e09-fe2c-6071-c0f8558373c2">
  <content>{
  "displayorder": 3,
  "weblinksetid": "b5a6089d-0358-4fc4-99f0-7654c7596f69",
  "pageid": "fae259e7-183f-33cc-c999-43ea353edc77",
  "publishingstateid": "8850ef08-d815-4035-9e87-e9f6066fae9b",
  "displaypagevalidation": false,
  "displayimageonly": false,
  "displaypagechildlinks": false,
  "openinnewwindow": false,
  "robotsfollowlink": true
}</content>
  <iscustomizable>1</iscustomizable>
  <name>Registration</name>
  <powerpagecomponenttype>5</powerpagecomponenttype>
  <powerpagesiteid>
    <powerpagesiteid>1a281f96-3fdc-40b7-b501-312c077ebe9a</powerpagesiteid>
  </powerpagesiteid>
  <statecode>0</statecode>
  <statuscode>1</statuscode>
</powerpagecomponent>