<powerpagecomponent powerpagecomponentid="da584b9f-6b9f-468a-9b7b-4a56bd2f3fab">
  <content>{"displayorder":2,"enabletracking":false,"excludefromsearch":true,"hiddenfromsitemap":false,"parentpageid":"38731b41-5056-4a76-9e54-6151c69e303d","partialurl":"theme.css","publishingstateid":"8850ef08-d815-4035-9e87-e9f6066fae9b"}</content>
  <filecontent mimetype="application/octet-stream">theme.css</filecontent>
  <iscustomizable>1</iscustomizable>
  <name>theme.css</name>
  <powerpagecomponenttype>3</powerpagecomponenttype>
  <powerpagesiteid>
    <powerpagesiteid>1a281f96-3fdc-40b7-b501-312c077ebe9a</powerpagesiteid>
  </powerpagesiteid>
  <statecode>0</statecode>
  <statuscode>1</statuscode>
</powerpagecomponent>