<powerpagecomponent powerpagecomponentid="e480d43f-abb0-43a3-8a55-40dac381ea79">
  <content>{"disablepagevalidation":false,"displayimageonly":false,"displayorder":1,"displaypagechildlinks":false,"openinnewwindow":false,"pageid":"38731b41-5056-4a76-9e54-6151c69e303d","publishingstateid":"8850ef08-d815-4035-9e87-e9f6066fae9b","robotsfollowlink":true,"weblinksetid":"b5a6089d-0358-4fc4-99f0-7654c7596f69"}</content>
  <iscustomizable>1</iscustomizable>
  <name>Home</name>
  <powerpagecomponenttype>5</powerpagecomponenttype>
  <powerpagesiteid>
    <powerpagesiteid>1a281f96-3fdc-40b7-b501-312c077ebe9a</powerpagesiteid>
  </powerpagesiteid>
  <statecode>0</statecode>
  <statuscode>1</statuscode>
</powerpagecomponent>