<powerpagesitelanguages>
  <powerpagesitelanguage powerpagesitelanguageid="f421d02b-e187-4f57-b213-dcbaa9056c6d">
    <content>{"publishingstate":"8850ef08-d815-4035-9e87-e9f6066fae9b","systemlanguage":1033}</content>
    <displayname>English</displayname>
    <iscustomizable>1</iscustomizable>
    <languagecode>en-US</languagecode>
    <lcid>1033</lcid>
    <name>English</name>
    <powerpagesiteid>
      <powerpagesiteid>1a281f96-3fdc-40b7-b501-312c077ebe9a</powerpagesiteid>
    </powerpagesiteid>
    <statecode>0</statecode>
    <statuscode>1</statuscode>
  </powerpagesitelanguage>
</powerpagesitelanguages>