<powerpagesites>
  <powerpagesite powerpagesiteid="1a281f96-3fdc-40b7-b501-312c077ebe9a">
    <content>{"defaultlanguage":"f421d02b-e187-4f57-b213-dcbaa9056c6d","footerwebtemplateid":"6d9f0d47-657b-4dab-9a90-2d9c75883093","headerwebtemplateid":"cf111d96-59b5-441e-9520-5c67073d386d","website_language":1033,"defaultbotconsumerid":"c2471725-8f82-f011-b4cb-000d3a5d7f37"}</content>
    <datamodelversion>2.0</datamodelversion>
    <iscustomizable>1</iscustomizable>
    <name>Event Registration - eventregistration2025</name>
    <primarydomainname>eventregistration2025.powerappsportals.com</primarydomainname>
    <statecode>0</statecode>
    <statuscode>1</statuscode>
  </powerpagesite>
</powerpagesites>