<powerpagecomponent powerpagecomponentid="7f6cc810-1a34-45cf-8011-e59c212b75f5">
  <content>{"modifiedon":"2025-08-26T15:02:19Z","displayorder":10,"enabletracking":false,"excludefromsearch":true,"hiddenfromsitemap":false,"parentpageid":"38731b41-5056-4a76-9e54-6151c69e303d","partialurl":"portalbasictheme.css","publishingstateid":"8850ef08-d815-4035-9e87-e9f6066fae9b"}</content>
  <filecontent mimetype="text/css">portalbasictheme.css</filecontent>
  <iscustomizable>1</iscustomizable>
  <name>portalbasictheme.css</name>
  <powerpagecomponenttype>3</powerpagecomponenttype>
  <powerpagesiteid>
    <powerpagesiteid>1a281f96-3fdc-40b7-b501-312c077ebe9a</powerpagesiteid>
  </powerpagesiteid>
  <statecode>0</statecode>
  <statuscode>1</statuscode>
</powerpagecomponent>