<powerpagecomponent powerpagecomponentid="2a23d10a-f07c-49f8-9037-3160b5c35790">
  <content>{"enablerating":false,"enabletracking":false,"excludefromsearch":false,"hiddenfromsitemap":true,"isroot":false,"pagetemplateid":"4358b626-b3aa-4507-9e1c-9ee698b868de","parentpageid":"38731b41-5056-4a76-9e54-6151c69e303d","partialurl":"search","publishingstateid":"8850ef08-d815-4035-9e87-e9f6066fae9b","rootwebpageid":"bceb9f1b-0bc7-489e-b6b6-0ee3aae0081f","sharedpageconfiguration":false}</content>
  <iscustomizable>1</iscustomizable>
  <name>Search</name>
  <powerpagecomponenttype>2</powerpagecomponenttype>
  <powerpagesiteid>
    <powerpagesiteid>1a281f96-3fdc-40b7-b501-312c077ebe9a</powerpagesiteid>
  </powerpagesiteid>
  <powerpagesitelanguageid>
    <powerpagesitelanguageid>f421d02b-e187-4f57-b213-dcbaa9056c6d</powerpagesitelanguageid>
  </powerpagesitelanguageid>
  <searchcontent>Search</searchcontent>
  <statecode>0</statecode>
  <statuscode>1</statuscode>
</powerpagecomponent>