<powerpagecomponent powerpagecomponentid="d700a363-02fe-4b44-fca2-dc2556140249">
  <content>{"modifiedon":"2025-08-26T15:10:52Z","summary":"GREY_DESCRIPTION","publishingstateid":"8850ef08-d815-4035-9e87-e9f6066fae9b","partialurl":"GREY-1.scss","parentpageid":"38731b41-5056-4a76-9e54-6151c69e303d"}</content>
  <filecontent mimetype="application/octet-stream">GREY%20(1)</filecontent>
  <iscustomizable>1</iscustomizable>
  <name>GREY (1)</name>
  <powerpagecomponenttype>3</powerpagecomponenttype>
  <powerpagesiteid>
    <powerpagesiteid>1a281f96-3fdc-40b7-b501-312c077ebe9a</powerpagesiteid>
  </powerpagesiteid>
  <statecode>0</statecode>
  <statuscode>1</statuscode>
</powerpagecomponent>