<powerpagecomponent powerpagecomponentid="e4b1ea8f-9f29-4454-b3e8-566964c9554e">
  <content>{"display_name":"Header/Search/ToolTip","value":"Search"}</content>
  <iscustomizable>1</iscustomizable>
  <name>Header/Search/ToolTip</name>
  <powerpagecomponenttype>7</powerpagecomponenttype>
  <powerpagesiteid>
    <powerpagesiteid>1a281f96-3fdc-40b7-b501-312c077ebe9a</powerpagesiteid>
  </powerpagesiteid>
  <powerpagesitelanguageid>
    <powerpagesitelanguageid>f421d02b-e187-4f57-b213-dcbaa9056c6d</powerpagesitelanguageid>
  </powerpagesitelanguageid>
  <statecode>0</statecode>
  <statuscode>1</statuscode>
</powerpagecomponent>