<powerpagecomponent powerpagecomponentid="df3c386b-6510-40b7-9445-20872500773f">
  <content>{"disablepagevalidation":false,"displayimageonly":false,"displayorder":1,"displaypagechildlinks":false,"openinnewwindow":false,"pageid":"738d796d-1199-42ea-88b1-3678bec12003","publishingstateid":"8850ef08-d815-4035-9e87-e9f6066fae9b","robotsfollowlink":true,"weblinksetid":"a54964ab-60ae-47ed-bf29-4f6d56a4f5ee"}</content>
  <iscustomizable>1</iscustomizable>
  <name>Profile</name>
  <powerpagecomponenttype>5</powerpagecomponenttype>
  <powerpagesiteid>
    <powerpagesiteid>1a281f96-3fdc-40b7-b501-312c077ebe9a</powerpagesiteid>
  </powerpagesiteid>
  <statecode>0</statecode>
  <statuscode>1</statuscode>
</powerpagecomponent>