<powerpagecomponent powerpagecomponentid="a53c353a-869f-4182-bebd-5a268d7bfb57">
  <content>{"displayorder":1,"enabletracking":false,"excludefromsearch":true,"hiddenfromsitemap":true,"parentpageid":"38731b41-5056-4a76-9e54-6151c69e303d","partialurl":"bootstrap.min.css","publishingstateid":"8850ef08-d815-4035-9e87-e9f6066fae9b"}</content>
  <filecontent mimetype="application/octet-stream">bootstrap.min.css</filecontent>
  <iscustomizable>1</iscustomizable>
  <name>bootstrap.min.css</name>
  <powerpagecomponenttype>3</powerpagecomponenttype>
  <powerpagesiteid>
    <powerpagesiteid>1a281f96-3fdc-40b7-b501-312c077ebe9a</powerpagesiteid>
  </powerpagesiteid>
  <statecode>0</statecode>
  <statuscode>1</statuscode>
</powerpagecomponent>