<powerpagecomponent powerpagecomponentid="dc5e5559-9524-3e9f-da2c-a7da04b631d8">
  <content>{
  "displayorder": 5,
  "weblinksetid": "b5a6089d-0358-4fc4-99f0-7654c7596f69",
  "pageid": "c152e9f3-369a-bd61-b292-726694a4b937",
  "publishingstateid": "8850ef08-d815-4035-9e87-e9f6066fae9b",
  "displaypagevalidation": false,
  "displayimageonly": false,
  "displaypagechildlinks": false,
  "openinnewwindow": false,
  "robotsfollowlink": true
}</content>
  <iscustomizable>1</iscustomizable>
  <name>View Registration Detail</name>
  <powerpagecomponenttype>5</powerpagecomponenttype>
  <powerpagesiteid>
    <powerpagesiteid>1a281f96-3fdc-40b7-b501-312c077ebe9a</powerpagesiteid>
  </powerpagesiteid>
  <statecode>1</statecode>
  <statuscode>2</statuscode>
</powerpagecomponent>