<powerpagecomponent powerpagecomponentid="e567e45d-0f7c-b036-ce57-299088fa0f26">
  <content>{
  "displayorder": 4,
  "weblinksetid": "b5a6089d-0358-4fc4-99f0-7654c7596f69",
  "pageid": "beea0f49-288d-f449-2ccb-73f45200a431",
  "publishingstateid": "8850ef08-d815-4035-9e87-e9f6066fae9b",
  "displaypagevalidation": false,
  "displayimageonly": false,
  "displaypagechildlinks": false,
  "openinnewwindow": false,
  "robotsfollowlink": true
}</content>
  <iscustomizable>1</iscustomizable>
  <name>View My Registration</name>
  <powerpagecomponenttype>5</powerpagecomponenttype>
  <powerpagesiteid>
    <powerpagesiteid>1a281f96-3fdc-40b7-b501-312c077ebe9a</powerpagesiteid>
  </powerpagesiteid>
  <statecode>0</statecode>
  <statuscode>1</statuscode>
</powerpagecomponent>