<powerpagecomponent powerpagecomponentid="738d796d-1199-42ea-88b1-3678bec12003">
  <content>{"enablerating":false,"enabletracking":false,"excludefromsearch":false,"hiddenfromsitemap":true,"isroot":true,"pagetemplateid":"c5b0d1af-7a65-4b34-a46c-c34c67ff24df","parentpageid":"38731b41-5056-4a76-9e54-6151c69e303d","partialurl":"profile","publishingstateid":"8850ef08-d815-4035-9e87-e9f6066fae9b","sharedpageconfiguration":false,"title":"Profile"}</content>
  <iscustomizable>1</iscustomizable>
  <name>Profile</name>
  <powerpagecomponenttype>2</powerpagecomponenttype>
  <powerpagesiteid>
    <powerpagesiteid>1a281f96-3fdc-40b7-b501-312c077ebe9a</powerpagesiteid>
  </powerpagesiteid>
  <searchcontent>ProfileProfile</searchcontent>
  <statecode>0</statecode>
  <statuscode>1</statuscode>
</powerpagecomponent>