<powerpagecomponent powerpagecomponentid="3b35809f-9f1c-4dd6-9c5d-c062322774d3">
  <content>{"description":"Blank Template","entityname":"adx_webpage","isdefault":false,"type":756150001,"usewebsiteheaderandfooter":true,"webtemplateid":"2fb425a3-a68f-40bf-9ab4-d77c4a600e86"}</content>
  <iscustomizable>1</iscustomizable>
  <name>Default studio template</name>
  <powerpagecomponenttype>6</powerpagecomponenttype>
  <powerpagesiteid>
    <powerpagesiteid>1a281f96-3fdc-40b7-b501-312c077ebe9a</powerpagesiteid>
  </powerpagesiteid>
  <statecode>0</statecode>
  <statuscode>1</statuscode>
</powerpagecomponent>