<powerpagecomponent powerpagecomponentid="a68f4479-ceef-3aa1-c17c-7908805b9368">
  <content>{
  "displayorder": 2,
  "weblinksetid": "b5a6089d-0358-4fc4-99f0-7654c7596f69",
  "pageid": "d94f9d8c-a787-a143-a291-a1a4b7dfe56e",
  "publishingstateid": "8850ef08-d815-4035-9e87-e9f6066fae9b",
  "displaypagevalidation": false,
  "displayimageonly": false,
  "displaypagechildlinks": false,
  "openinnewwindow": false,
  "robotsfollowlink": true
}</content>
  <iscustomizable>1</iscustomizable>
  <name>Events</name>
  <powerpagecomponenttype>5</powerpagecomponenttype>
  <powerpagesiteid>
    <powerpagesiteid>1a281f96-3fdc-40b7-b501-312c077ebe9a</powerpagesiteid>
  </powerpagesiteid>
  <statecode>0</statecode>
  <statuscode>1</statuscode>
</powerpagecomponent>