<powerpagecomponent powerpagecomponentid="e8dc8dba-4c4a-4df6-a0ca-89ff2ff37dad">
  <content>{"adx_webpageaccesscontrolrule_webrole":["c2664e06-d1fc-41c3-b0e8-3759e1a68f3e"],"right":1,"webpageid":"38731b41-5056-4a76-9e54-6151c69e303d"}</content>
  <iscustomizable>1</iscustomizable>
  <name>Grant Change to Administrators</name>
  <powerpagecomponenttype>10</powerpagecomponenttype>
  <powerpagesiteid>
    <powerpagesiteid>1a281f96-3fdc-40b7-b501-312c077ebe9a</powerpagesiteid>
  </powerpagesiteid>
  <statecode>0</statecode>
  <statuscode>1</statuscode>
</powerpagecomponent>