<powerpagecomponent powerpagecomponentid="76a74433-984e-4f78-9e91-8ab2f3979919">
  <content>{"description":"A date/time value in GMT format to represent the effective date of the current published terms and conditions. If the terms agreement is enabled, portal users that have not accepted the terms after this date will be asked to accept them the next time they sign in. If the date is not provided, and the terms agreement is enabled, the terms will be presented every time portal users sign in."}</content>
  <iscustomizable>1</iscustomizable>
  <name>Authentication/Registration/TermsPublicationDate</name>
  <powerpagecomponenttype>9</powerpagecomponenttype>
  <powerpagesiteid>
    <powerpagesiteid>1a281f96-3fdc-40b7-b501-312c077ebe9a</powerpagesiteid>
  </powerpagesiteid>
  <statecode>0</statecode>
  <statuscode>1</statuscode>
</powerpagecomponent>