<powerpagecomponent powerpagecomponentid="a3a9a340-9b5a-4ac4-a31f-ad18ac14e5a2">
  <content>{
  "entityname": "Contact - Read",
  "entitylogicalname": "contact",
  "scope": 756150000,
  "append": true,
  "appendto": true,
  "delete": false,
  "read": true,
  "create": false,
  "write": false,
  "parentrelationship": null,
  "parententitypermission": null,
  "contactrelationship": null,
  "accountrelationship": null,
  "childTablePermissions": [],
  "adx_entitypermission_webrole": [
    "60f67e8d-52d5-4f95-952b-1310b815b95f",
    "c2664e06-d1fc-41c3-b0e8-3759e1a68f3e",
    "fe0e3d83-c220-416a-a1e2-45ab782b91db"
  ]
}</content>
  <iscustomizable>1</iscustomizable>
  <name>Contact - Read</name>
  <powerpagecomponenttype>18</powerpagecomponenttype>
  <powerpagesiteid>
    <powerpagesiteid>1a281f96-3fdc-40b7-b501-312c077ebe9a</powerpagesiteid>
  </powerpagesiteid>
  <statecode>0</statecode>
  <statuscode>1</statuscode>
</powerpagecomponent>