<powerpagecomponent powerpagecomponentid="54c65968-9982-f011-b4cb-000d3a5d7f37">
  <content>{
  "description": "It enables the table to use * (ALL) fields",
  "value": "*",
  "source": 0
}</content>
  <iscustomizable>1</iscustomizable>
  <name>webapi/er_event/fields</name>
  <powerpagecomponenttype>9</powerpagecomponenttype>
  <powerpagesiteid>
    <powerpagesiteid>1a281f96-3fdc-40b7-b501-312c077ebe9a</powerpagesiteid>
  </powerpagesiteid>
  <statecode>0</statecode>
  <statuscode>1</statuscode>
</powerpagecomponent>