<powerpagecomponent powerpagecomponentid="5b126a4f-5ef0-4472-bc80-5e07764f7ad4">
  <content>{"description":"The Prefix entered here will be used to filter Notes Text, allowing you to control notes exposed on the Portal ex: *WEB*","value":"*WEB*"}</content>
  <iscustomizable>1</iscustomizable>
  <name>KnowledgeManagement/NotesFilter</name>
  <powerpagecomponenttype>9</powerpagecomponenttype>
  <powerpagesiteid>
    <powerpagesiteid>1a281f96-3fdc-40b7-b501-312c077ebe9a</powerpagesiteid>
  </powerpagesiteid>
  <statecode>0</statecode>
  <statuscode>1</statuscode>
</powerpagecomponent>