<powerpagecomponent powerpagecomponentid="94f491ae-a71d-4651-857f-547c57251958">
  <content>{"enabletracking":false,"excludefromsearch":false,"hiddenfromsitemap":false,"parentpageid":"38731b41-5056-4a76-9e54-6151c69e303d","partialurl":"Cat-PC.png","publishingstateid":"8850ef08-d815-4035-9e87-e9f6066fae9b"}</content>
  <filecontent mimetype="application/octet-stream">Cat-PC.png</filecontent>
  <iscustomizable>1</iscustomizable>
  <name>Cat-PC.png</name>
  <powerpagecomponenttype>3</powerpagecomponenttype>
  <powerpagesiteid>
    <powerpagesiteid>1a281f96-3fdc-40b7-b501-312c077ebe9a</powerpagesiteid>
  </powerpagesiteid>
  <statecode>0</statecode>
  <statuscode>1</statuscode>
</powerpagecomponent>