<powerpagecomponent powerpagecomponentid="4c111c83-9dd1-d7ad-da1f-cf0a46606fa0">
  <content>{"createdOn":"2025-08-26T15:44:14.443Z","parentpageid":"38731b41-5056-4a76-9e54-6151c69e303d","publishingstateid":"8850ef08-d815-4035-9e87-e9f6066fae9b","partialurl":"ORANGE-1.scss","title":"","summary":"ORANGE_DESCRIPTION","enabletracking":false,"excludefromsearch":false,"hiddenfromsitemap":false}</content>
  <filecontent mimetype="application/octet-stream">ORANGE-1.scss</filecontent>
  <iscustomizable>1</iscustomizable>
  <name>ORANGE (1)</name>
  <powerpagecomponenttype>3</powerpagecomponenttype>
  <powerpagesiteid>
    <powerpagesiteid>1a281f96-3fdc-40b7-b501-312c077ebe9a</powerpagesiteid>
  </powerpagesiteid>
  <statecode>0</statecode>
  <statuscode>1</statuscode>
</powerpagecomponent>