<powerpagecomponent powerpagecomponentid="35c613a7-9707-7592-8fad-ca438f062b27">
  <content>{
  "filecontent": null,
  "displayorder": 2,
  "customcss": "",
  "customjavascript": "",
  "pagetemplateid": "3b35809f-9f1c-4dd6-9c5d-c062322774d3",
  "parentpageid": "38731b41-5056-4a76-9e54-6151c69e303d",
  "partialurl": "Events",
  "isroot": false,
  "rootwebpageid": "d94f9d8c-a787-a143-a291-a1a4b7dfe56e",
  "title": "Events",
  "summary": "&lt;p&gt;This is a sample landing page designed to be a starting point for your website&lt;/p&gt;",
  "copy": "&lt;div class=\"row sectionBlockLayout text-start\" style=\"display: flex; flex-wrap: wrap; margin: 0px; min-height: auto; padding: 8px;\"&gt;\n  &lt;div class=\"container\" style=\"padding: 0px; display: flex; flex-wrap: wrap;\"&gt;\n    &lt;div class=\"col-lg-12 columnBlockLayout\" style=\"flex-grow: 1; display: flex; flex-direction: column; min-width: 250px; margin: 20px 0px; padding: 10px; justify-content: flex-start;\"&gt;&lt;a href=\"/Registration\" class=\"btn button1\" style=\"margin-left: auto; margin-right: 0;\"&gt;Register an Event&lt;/a&gt;&lt;/div&gt;\n  &lt;/div&gt;\n&lt;/div&gt;\n&lt;div class=\"row sectionBlockLayout text-start\" style=\"display: flex; flex-wrap: wrap; margin: 0px; min-height: auto; padding: 0px; top: 0px;\"&gt;\n  &lt;div class=\"container\" style=\"display: flex; flex-wrap: wrap;\"&gt;&lt;div class=\"col-lg-12 columnBlockLayout\" style=\"flex-grow: 1; display: flex; flex-direction: column; min-width: 250px; padding: 10px; margin: 30px 0px;\"&gt;{% include 'entity_list' key: 'Pages - Events' AISummaryTitle: 'AI Insights' isAISummaryExpanded: 'true' AISummaryChartTypes: '[1,2,3,4,5]' isAISummaryEnabled: 'true' isNLSearchEnabled: 'true'%}&lt;/div&gt;&lt;/div&gt;\n&lt;/div&gt;\n",
  "publishingstateid": "8850ef08-d815-4035-9e87-e9f6066fae9b",
  "enablerating": false,
  "enabletracking": false,
  "excludefromsearch": false,
  "hiddenfromsitemap": true,
  "sharedpageconfiguration": false
}</content>
  <iscustomizable>1</iscustomizable>
  <name>Events</name>
  <powerpagecomponenttype>2</powerpagecomponenttype>
  <powerpagesiteid>
    <powerpagesiteid>1a281f96-3fdc-40b7-b501-312c077ebe9a</powerpagesiteid>
  </powerpagesiteid>
  <powerpagesitelanguageid>
    <powerpagesitelanguageid>f421d02b-e187-4f57-b213-dcbaa9056c6d</powerpagesitelanguageid>
  </powerpagesitelanguageid>
  <searchcontent>Events&lt;div class="row sectionBlockLayout text-start" style="display: flex; flex-wrap: wrap; margin: 0px; min-height: auto; padding: 8px;"&gt;
  &lt;div class="container" style="padding: 0px; display: flex; flex-wrap: wrap;"&gt;
    &lt;div class="col-lg-12 columnBlockLayout" style="flex-grow: 1; display: flex; flex-direction: column; min-width: 250px; margin: 20px 0px; padding: 10px; justify-content: flex-start;"&gt;&lt;a href="/Registration" class="btn button1" style="margin-left: auto; margin-right: 0;"&gt;Register an Event&lt;/a&gt;&lt;/div&gt;
  &lt;/div&gt;
&lt;/div&gt;
&lt;div class="row sectionBlockLayout text-start" style="display: flex; flex-wrap: wrap; margin: 0px; min-height: auto; padding: 0px; top: 0px;"&gt;
  &lt;div class="container" style="display: flex; flex-wrap: wrap;"&gt;&lt;div class="col-lg-12 columnBlockLayout" style="flex-grow: 1; display: flex; flex-direction: column; min-width: 250px; padding: 10px; margin: 30px 0px;"&gt;{% include 'entity_list' key: 'Pages - Events' AISummaryTitle: 'AI Insights' isAISummaryExpanded: 'true' AISummaryChartTypes: '[1,2,3,4,5]' isAISummaryEnabled: 'true' isNLSearchEnabled: 'true'%}&lt;/div&gt;&lt;/div&gt;
&lt;/div&gt;
Events</searchcontent>
  <statecode>0</statecode>
  <statuscode>1</statuscode>
</powerpagecomponent>