<powerpagecomponent powerpagecomponentid="90519033-b980-65e5-6087-63793cf4ebfe">
  <content>{
  "displayorder": 6,
  "weblinksetid": "b5a6089d-0358-4fc4-99f0-7654c7596f69",
  "pageid": "118bc803-a576-497a-bff2-a46e1457dd14",
  "publishingstateid": "8850ef08-d815-4035-9e87-e9f6066fae9b",
  "displaypagevalidation": false,
  "displayimageonly": false,
  "displaypagechildlinks": false,
  "openinnewwindow": false,
  "robotsfollowlink": true
}</content>
  <iscustomizable>1</iscustomizable>
  <name>Edit Registration</name>
  <powerpagecomponenttype>5</powerpagecomponenttype>
  <powerpagesiteid>
    <powerpagesiteid>1a281f96-3fdc-40b7-b501-312c077ebe9a</powerpagesiteid>
  </powerpagesiteid>
  <statecode>1</statecode>
  <statuscode>2</statuscode>
</powerpagecomponent>