<powerpagecomponent powerpagecomponentid="7e54903f-d5f8-98f1-a8cb-24ed3c368e7b">
  <content>{
  "displayorder": 4,
  "pagetemplateid": "3b35809f-9f1c-4dd6-9c5d-c062322774d3",
  "parentpageid": "38731b41-5056-4a76-9e54-6151c69e303d",
  "partialurl": "View-My-Registration",
  "isroot": false,
  "rootwebpageid": "beea0f49-288d-f449-2ccb-73f45200a431",
  "title": "View My Registration",
  "summary": "&lt;p&gt;This is a sample landing page designed to be a starting point for your website&lt;/p&gt;",
  "copy": "{% fetchxml userRegistration %}\n&lt;fetch version=\"1.0\" output-format=\"xml-platform\" mapping=\"logical\" distinct=\"false\"&gt;\n  &lt;entity name=\"er_registration\"&gt;\n    &lt;attribute name=\"er_registrationid\" /&gt;\n    &lt;attribute name=\"er_registrantname\" /&gt;\n    &lt;attribute name=\"createdon\" /&gt;\n    &lt;attribute name=\"statuscode\" /&gt;\n    &lt;attribute name=\"statecode\" /&gt;\n    &lt;attribute name=\"er_registrationstatus\" /&gt;\n    &lt;attribute name=\"er_registrationdate\" /&gt;\n    &lt;attribute name=\"overriddencreatedon\" /&gt;\n    &lt;attribute name=\"owningbusinessunit\" /&gt;\n    &lt;attribute name=\"ownerid\" /&gt;\n    &lt;attribute name=\"modifiedon\" /&gt;\n    &lt;attribute name=\"modifiedonbehalfby\" /&gt;\n    &lt;attribute name=\"modifiedby\" /&gt;\n    &lt;attribute name=\"er_event\" /&gt;\n    &lt;attribute name=\"er_email\" /&gt;\n    &lt;attribute name=\"createdonbehalfby\" /&gt;\n    &lt;attribute name=\"er_registeredby\" /&gt;\n    &lt;attribute name=\"createdby\" /&gt;\n    &lt;order attribute=\"er_registrantname\" descending=\"false\" /&gt;\n    &lt;filter type=\"and\"&gt;\n      &lt;condition attribute=\"er_registeredby\" operator=\"eq\" value=\"{{user.id}}\" /&gt;\n    &lt;/filter&gt;\n  &lt;/entity&gt;\n&lt;/fetch&gt;\n{% endfetchxml %}\n\n&lt;div class=\"row sectionBlockLayout text-start\" style=\"display: flex; flex-wrap: wrap; margin: 0px; min-height: auto; padding: 8px;\"&gt;\n  &lt;div class=\"container\" style=\"padding: 0px; display: flex; flex-wrap: wrap;\"&gt;&lt;div class=\"col-lg-12 columnBlockLayout\" style=\"flex-grow: 1; display: flex; flex-direction: column; min-width: 250px;\"&gt;&lt;/div&gt;&lt;/div&gt;\n&lt;/div&gt;\n&lt;div class=\"container mt-5\"&gt;\n  &lt;div class=\"d-flex justify-content-between align-items-center mb-4\"&gt;\n    &lt;h2&gt;Registrations&lt;/h2&gt;\n    &lt;a href=\"/\" class=\"btn btn-primary\"&gt;New Registration&lt;/a&gt;\n  &lt;/div&gt;\n  &lt;table class=\"table table-bordered table-hover\"&gt;\n    &lt;thead class=\"thead-light\"&gt;\n      &lt;tr&gt;\n        &lt;th&gt;Registrant Name&lt;/th&gt;\n        &lt;th&gt;Email&lt;/th&gt;\n        &lt;th&gt;Registration Status&lt;/th&gt;\n        &lt;th&gt;Actions&lt;/th&gt;\n      &lt;/tr&gt;\n    &lt;/thead&gt;\n    &lt;tbody&gt;\n      {% if userRegistration.results.entities.size &gt; 0 %}\n      {% for result in userRegistration.results.entities %}\n      &lt;tr&gt;\n        &lt;td&gt;{{result.er_registrantname}}&lt;/td&gt;\n        &lt;td&gt;{{result.er_email}}&lt;/td&gt;\n        &lt;td&gt;{{result.er_registrationstatus.label}}&lt;/td&gt;\n        &lt;td&gt;\n          &lt;a href=\"/edit-registration/?id={{result.er_registrationid}}\" class=\"btn btn-sm btn-warning\" title=\"Edit\"&gt;&lt;i class=\"fas fa-edit\"&gt;&lt;/i&gt;&lt;/a&gt;\n          &lt;a id=\"{{result.er_registrationid}}\" class=\"btn btn-sm btn-danger delete-btn\" title=\"Delete\"&gt;&lt;i class=\"fas fa-trash-alt\"&gt;&lt;/i&gt;&lt;/a&gt;\n          &lt;a href=\"/view-registration-detail/?id={{result.er_registrationid}}\" class=\"btn btn-sm btn-info\" title=\"View\"&gt;&lt;i class=\"fas fa-eye\"&gt;&lt;/i&gt;&lt;/a&gt;\n        &lt;/td&gt;\n      &lt;/tr&gt;\n      {% endfor %}      \n      {% endif %}\n    &lt;/tbody&gt;\n  &lt;/table&gt;\n&lt;/div&gt;\n\n&lt;!-- Include Font Awesome for icons --&gt;\n&lt;link rel=\"stylesheet\" href=\"https://cdnjs.cloudflare.com/ajax/libs/font-awesome/5.15.4/css/all.min.css\"&gt;\n\n{% include \"WebAPI Wrapper\" %}",
  "publishingstateid": "8850ef08-d815-4035-9e87-e9f6066fae9b",
  "enablerating": false,
  "enabletracking": false,
  "excludefromsearch": false,
  "hiddenfromsitemap": true,
  "sharedpageconfiguration": false,
  "feedbackpolicy": 756150000,
  "customjavascript": "// Add event listener to all delete buttons\r\ndocument.addEventListener('DOMContentLoaded', function() {\r\n\r\n    document.querySelectorAll('.delete-btn').forEach(button =&gt; {\r\n      button.addEventListener('click', function(event) {\r\n        event.preventDefault(); // Prevent default action\r\n  \r\n        // Get the registration ID from the button's ID attribute\r\n        const registerid = this.id;\r\n  \r\n        // Confirm deletion\r\n        if (confirm('Are you sure you want to delete this registration?')) {\r\n          webapi.safeAjax({\r\n              type: \"DELETE\",\r\n              url: \"/_api/er_registrations(\"+ registerid +\")\",\r\n              contentType: \"application/json\",\r\n              success: function (res) {\r\n                  alert(\"DELETED\");\r\n                  window.location.href = \"/\";\r\n              }\r\n        });\r\n        }\r\n      });\r\n    });\r\n  \r\n  });"
}</content>
  <iscustomizable>1</iscustomizable>
  <name>View My Registration</name>
  <powerpagecomponenttype>2</powerpagecomponenttype>
  <powerpagesiteid>
    <powerpagesiteid>1a281f96-3fdc-40b7-b501-312c077ebe9a</powerpagesiteid>
  </powerpagesiteid>
  <powerpagesitelanguageid>
    <powerpagesitelanguageid>f421d02b-e187-4f57-b213-dcbaa9056c6d</powerpagesitelanguageid>
  </powerpagesitelanguageid>
  <searchcontent>View My Registration{% fetchxml userRegistration %}
&lt;fetch version="1.0" output-format="xml-platform" mapping="logical" distinct="false"&gt;
  &lt;entity name="er_registration"&gt;
    &lt;attribute name="er_registrationid" /&gt;
    &lt;attribute name="er_registrantname" /&gt;
    &lt;attribute name="createdon" /&gt;
    &lt;attribute name="statuscode" /&gt;
    &lt;attribute name="statecode" /&gt;
    &lt;attribute name="er_registrationstatus" /&gt;
    &lt;attribute name="er_registrationdate" /&gt;
    &lt;attribute name="overriddencreatedon" /&gt;
    &lt;attribute name="owningbusinessunit" /&gt;
    &lt;attribute name="ownerid" /&gt;
    &lt;attribute name="modifiedon" /&gt;
    &lt;attribute name="modifiedonbehalfby" /&gt;
    &lt;attribute name="modifiedby" /&gt;
    &lt;attribute name="er_event" /&gt;
    &lt;attribute name="er_email" /&gt;
    &lt;attribute name="createdonbehalfby" /&gt;
    &lt;attribute name="er_registeredby" /&gt;
    &lt;attribute name="createdby" /&gt;
    &lt;order attribute="er_registrantname" descending="false" /&gt;
    &lt;filter type="and"&gt;
      &lt;condition attribute="er_registeredby" operator="eq" value="{{user.id}}" /&gt;
    &lt;/filter&gt;
  &lt;/entity&gt;
&lt;/fetch&gt;
{% endfetchxml %}

&lt;div class="row sectionBlockLayout text-start" style="display: flex; flex-wrap: wrap; margin: 0px; min-height: auto; padding: 8px;"&gt;
  &lt;div class="container" style="padding: 0px; display: flex; flex-wrap: wrap;"&gt;&lt;div class="col-lg-12 columnBlockLayout" style="flex-grow: 1; display: flex; flex-direction: column; min-width: 250px;"&gt;&lt;/div&gt;&lt;/div&gt;
&lt;/div&gt;
&lt;div class="container mt-5"&gt;
  &lt;div class="d-flex justify-content-between align-items-center mb-4"&gt;
    &lt;h2&gt;Registrations&lt;/h2&gt;
    &lt;a href="/" class="btn btn-primary"&gt;New Registration&lt;/a&gt;
  &lt;/div&gt;
  &lt;table class="table table-bordered table-hover"&gt;
    &lt;thead class="thead-light"&gt;
      &lt;tr&gt;
        &lt;th&gt;Registrant Name&lt;/th&gt;
        &lt;th&gt;Email&lt;/th&gt;
        &lt;th&gt;Registration Status&lt;/th&gt;
        &lt;th&gt;Actions&lt;/th&gt;
      &lt;/tr&gt;
    &lt;/thead&gt;
    &lt;tbody&gt;
      {% if userRegistration.results.entities.size &gt; 0 %}
      {% for result in userRegistration.results.entities %}
      &lt;tr&gt;
        &lt;td&gt;{{result.er_registrantname}}&lt;/td&gt;
        &lt;td&gt;{{result.er_email}}&lt;/td&gt;
        &lt;td&gt;{{result.er_registrationstatus.label}}&lt;/td&gt;
        &lt;td&gt;
          &lt;a href="/edit-registration/?id={{result.er_registrationid}}" class="btn btn-sm btn-warning" title="Edit"&gt;&lt;i class="fas fa-edit"&gt;&lt;/i&gt;&lt;/a&gt;
          &lt;a id="{{result.er_registrationid}}" class="btn btn-sm btn-danger delete-btn" title="Delete"&gt;&lt;i class="fas fa-trash-alt"&gt;&lt;/i&gt;&lt;/a&gt;
          &lt;a href="/view-registration-detail/?id={{result.er_registrationid}}" class="btn btn-sm btn-info" title="View"&gt;&lt;i class="fas fa-eye"&gt;&lt;/i&gt;&lt;/a&gt;
        &lt;/td&gt;
      &lt;/tr&gt;
      {% endfor %}      
      {% endif %}
    &lt;/tbody&gt;
  &lt;/table&gt;
&lt;/div&gt;

&lt;!-- Include Font Awesome for icons --&gt;
&lt;link rel="stylesheet" href="https://cdnjs.cloudflare.com/ajax/libs/font-awesome/5.15.4/css/all.min.css"&gt;

{% include "WebAPI Wrapper" %}View My Registration</searchcontent>
  <statecode>0</statecode>
  <statuscode>1</statuscode>
</powerpagecomponent>