<powerpagecomponent powerpagecomponentid="cb04fcc5-df53-49d6-9252-1bd1b7fb3249">
  <content>{"adx_websiteaccess_webrole":["c2664e06-d1fc-41c3-b0e8-3759e1a68f3e"],"managecontentsnippets":true,"managesitemarkers":true,"manageweblinksets":true,"previewunpublishedentities":true}</content>
  <iscustomizable>1</iscustomizable>
  <name>Administrative permissions for Blank Template</name>
  <powerpagecomponenttype>12</powerpagecomponenttype>
  <powerpagesiteid>
    <powerpagesiteid>1a281f96-3fdc-40b7-b501-312c077ebe9a</powerpagesiteid>
  </powerpagesiteid>
  <statecode>0</statecode>
  <statuscode>1</statuscode>
</powerpagecomponent>