<powerpagecomponent powerpagecomponentid="d85d5ff9-1984-48bd-ba64-9d994d4c18f2">
  <content>{"description":"A collection of search logical name filter options. Defining a value here will add dropdown filter options to site-wide search.\n\nThis value should be in the form of name/value pairs, with name and value separated by a colon, and pairs separated by a semicolon. For example: \"Forums:adx_communityforum,adx_communityforumthread,adx_communityforumpost;Blogs:adx_blog,adx_blogpost,adx_blogpostcomment\"."}</content>
  <iscustomizable>1</iscustomizable>
  <name>search/filters</name>
  <powerpagecomponenttype>9</powerpagecomponenttype>
  <powerpagesiteid>
    <powerpagesiteid>1a281f96-3fdc-40b7-b501-312c077ebe9a</powerpagesiteid>
  </powerpagesiteid>
  <statecode>0</statecode>
  <statuscode>1</statuscode>
</powerpagecomponent>